{
  "dataset": "CIFAR-10",
  "noise": {
    "type": "gaussian",
    "std": 0.2
  },
  "baseline_noisy": {
    "psnr_db": 14.808778851245872,
    "ssim": 0.43186030387878416
  },
  "dae": {
    "psnr_db": 24.671673694493084,
    "ssim": 0.8254366862773895
  },
  "delta": {
    "psnr_gain_db": 9.862894843247211,
    "ssim_gain": 0.3935763823986054
  }
}