{
  "XGBoost": {
    "RMSE": 20886.064453125,
    "MAE": 12342.9521484375,
    "R2": 0.9045783281326294
  },
  "LightGBM": {
    "RMSE": 23363.68101616121,
    "MAE": 14371.535496179575,
    "R2": 0.8805966825021646
  },
  "CatBoost": {
    "RMSE": 32236.5810278591,
    "MAE": 20613.089536315096,
    "R2": 0.7726830571421468
  },
  "baseline": {
    "RMSE": 65334.868023381976,
    "MAE": 46706.1228134629,
    "R2": 0.06626445138756032
  }
}