{
  "CatBoost": {
    "RMSE": 764.0455657229121,
    "MAE": 251.23851046015284,
    "R2": 0.12662208325695745
  },
  "LightGBM": {
    "RMSE": 767.8561213556197,
    "MAE": 262.3347379523251,
    "R2": 0.11788869257341994
  },
  "XGBoost": {
    "RMSE": 796.7015703803141,
    "MAE": 267.58949605346993,
    "R2": 0.05036867084764152
  },
  "baseline": {
    "RMSE": 815.6837458717984,
    "MAE": 300.9403528168562,
    "R2": 0.004577841844144004
  }
}