{
  "XGBoost": {
    "RMSE": 44976.794419172984,
    "MAE": 29473.535058880974,
    "R2": 0.8531871453774468
  },
  "CatBoost": {
    "RMSE": 45021.33138968372,
    "MAE": 29901.04338698815,
    "R2": 0.8528962470512716
  },
  "LightGBM": {
    "RMSE": 45272.47733179631,
    "MAE": 29768.183122255778,
    "R2": 0.851250469164387
  },
  "Baseline_LR": {
    "RMSE": 67483.54396406014,
    "MAE": 49172.13435635928,
    "R2": 0.6694913360635895
  }
}