{
  "XGBoost": {
    "RMSE": 364.5321896763366,
    "MAE": 254.5200192725184,
    "R2": 0.9435636862434559
  },
  "CatBoost": {
    "RMSE": 388.71457400006864,
    "MAE": 260.26758738793933,
    "R2": 0.9358275650629263
  },
  "LightGBM": {
    "RMSE": 396.74755478648916,
    "MAE": 284.34870674322906,
    "R2": 0.9331478485707525
  },
  "baseline_linear_regression": {
    "RMSE": 452.7896048628086,
    "MAE": 319.134676961323,
    "R2": 0.912927750177719
  }
}