{
  "Baseline_LR": {
    "RMSE": 22.039395839297395,
    "MAE": 17.33257191877547,
    "R2": 0.27157431715745084
  },
  "CatBoost": {
    "RMSE": 22.188056125155054,
    "MAE": 17.63378308722363,
    "R2": 0.26171441143098806
  },
  "LightGBM": {
    "RMSE": 23.009210406695626,
    "MAE": 18.864789412989502,
    "R2": 0.2060570246895852
  },
  "baseline": {
    "RMSE": 22.039395839297395,
    "MAE": 17.33257191877547,
    "R2": 0.27157431715745084
  }
}