{
  "Baseline_LR": {
    "RMSE": 27.67296517809095,
    "MAE": 22.20377539850429,
    "R2": 0.2390080883930945
  },
  "CatBoost": {
    "RMSE": 29.35043727967456,
    "MAE": 22.81417019942614,
    "R2": 0.14395262556980104
  },
  "XGBoost": {
    "RMSE": 30.951927185058594,
    "MAE": 23.620975494384766,
    "R2": 0.04798448085784912
  },
  "baseline": {
    "RMSE": 27.67296517809095,
    "MAE": 22.20377539850429,
    "R2": 0.2390080883930945
  }
}