{
  "CatBoost": {
    "RMSE": 2959.084813320738,
    "MAE": 2211.762999638523,
    "R2": 0.6507098760952903
  },
  "LightGBM": {
    "RMSE": 2972.59650164825,
    "MAE": 2209.051360692884,
    "R2": 0.6475127563033658
  },
  "XGBoost": {
    "RMSE": 2999.945556640625,
    "MAE": 2220.073974609375,
    "R2": 0.6409968137741089
  },
  "baseline_ridge": {
    "RMSE": 4564.8792713467,
    "MAE": 3503.3411529255986,
    "R2": 0.16875303569586386
  }
}