{
  "CatBoost": {
    "RMSE": 244714819360.2578,
    "MAE": 129388175898.05421,
    "R2": 0.9908990277653018
  },
  "XGBoost": {
    "RMSE": 337021954872.2915,
    "MAE": 179356309223.47757,
    "R2": 0.982738297153757
  },
  "Baseline_LR": {
    "RMSE": 376492345743.3146,
    "MAE": 353677290985.3777,
    "R2": 0.9784583209097096
  },
  "baseline": {
    "RMSE": 376492345743.3146,
    "MAE": 353677290985.3777,
    "R2": 0.9784583209097096
  }
}