{
  "XGBoost": {
    "RMSE": 15.19949832308484,
    "MAE": 9.369252427739372,
    "R2": 0.8962377754945181
  },
  "LightGBM": {
    "RMSE": 15.370749843796204,
    "MAE": 9.690766725162256,
    "R2": 0.8938864423419253
  },
  "CatBoost": {
    "RMSE": 16.710062647481703,
    "MAE": 11.007384817678567,
    "R2": 0.8745886270287553
  },
  "baseline": {
    "RMSE": 35.73025719085831,
    "MAE": 26.296623091963895,
    "R2": 0.4266061232157662
  }
}