{
  "CatBoost": {
    "RMSE": 25484.162428496133,
    "MAE": 15346.606571648968,
    "R2": 0.9153305195711958
  },
  "XGBoost": {
    "RMSE": 27049.94140625,
    "MAE": 16649.771484375,
    "R2": 0.9046064615249634
  },
  "LightGBM": {
    "RMSE": 28841.41630245437,
    "MAE": 16870.254466816536,
    "R2": 0.8915525530645547
  },
  "baseline": {
    "RMSE": 34223.40949665514,
    "MAE": 21468.10455111985,
    "R2": 0.847302223407619
  }
}