{
  "CatBoost": {
    "RMSE": 1878.735212573167,
    "MAE": 1306.3571883345935,
    "R2": 0.8332237922856125
  },
  "XGBoost": {
    "RMSE": 1909.1829833984375,
    "MAE": 1197.521728515625,
    "R2": 0.8277742862701416
  },
  "LightGBM": {
    "RMSE": 1918.7928309783226,
    "MAE": 1246.6603847034246,
    "R2": 0.826036106912689
  },
  "baseline": {
    "RMSE": 3472.983636225423,
    "MAE": 2478.70533435923,
    "R2": 0.4300871913252563
  }
}