{
  "Baseline_LR": {
    "RMSE": 120.20440978353851,
    "MAE": 67.1396860238783,
    "R2": 0.9938634020403554
  },
  "CatBoost": {
    "RMSE": 161.8621986695923,
    "MAE": 120.12598629386741,
    "R2": 0.9888730088823361
  },
  "XGBoost": {
    "RMSE": 189.62073805246905,
    "MAE": 116.3391256456801,
    "R2": 0.9847293143969571
  },
  "baseline_linear_regression": {
    "RMSE": 120.20440978353851,
    "MAE": 67.1396860238783,
    "R2": 0.9938634020403554
  }
}