{
  "LightGBM": {
    "RMSE": 41047.65378756958,
    "MAE": 27737.282948557706,
    "R2": 0.560370653774291
  },
  "CatBoost": {
    "RMSE": 41263.69796657926,
    "MAE": 27159.405909419518,
    "R2": 0.5557307144558894
  },
  "XGBoost": {
    "RMSE": 44766.98828125,
    "MAE": 29539.267578125,
    "R2": 0.47709137201309204
  },
  "baseline": {
    "RMSE": 51125.49157831139,
    "MAE": 35573.69677653506,
    "R2": 0.3179990317990298
  }
}