{
  "Baseline_LR": {
    "RMSE": 2.7844185508502837,
    "MAE": 2.2020818674091127,
    "R2": 0.9910998765243975
  },
  "CatBoost": {
    "RMSE": 2.855590161937189,
    "MAE": 2.243536302401052,
    "R2": 0.9906390753613161
  },
  "LightGBM": {
    "RMSE": 2.868765090229528,
    "MAE": 2.2794936083716593,
    "R2": 0.9905524985008266
  },
  "baseline": {
    "RMSE": 2.7844185508502837,
    "MAE": 2.2020818674091127,
    "R2": 0.9910998765243975
  }
}