{
  "CatBoost": {
    "RMSE": 2957.5438459329253,
    "MAE": 2211.44529959674,
    "R2": 0.6510735726948325
  },
  "LightGBM": {
    "RMSE": 2966.588213282609,
    "MAE": 2207.978519538366,
    "R2": 0.6489362288014446
  },
  "XGBoost": {
    "RMSE": 2991.005859375,
    "MAE": 2216.76123046875,
    "R2": 0.643133282661438
  },
  "baseline_linear_regression": {
    "RMSE": 4588.428901853867,
    "MAE": 3532.95059546317,
    "R2": 0.16015431857328433
  }
}