{
  "CatBoost": {
    "RMSE": 4.073246701794556,
    "MAE": 2.7181565789845696,
    "R2": 0.9356118493484731
  },
  "LightGBM": {
    "RMSE": 4.558670586615339,
    "MAE": 3.061686430388733,
    "R2": 0.9193506365069201
  },
  "XGBoost": {
    "RMSE": 4.879220621742008,
    "MAE": 3.065082250613611,
    "R2": 0.9076099006297813
  },
  "baseline": {
    "RMSE": 6.572991007872395,
    "MAE": 5.28860335141285,
    "R2": 0.8323318398557635
  }
}