{
  "XGBoost": {
    "RMSE": 40.255653381347656,
    "MAE": 31.517593383789062,
    "R2": 0.3517920970916748
  },
  "CatBoost": {
    "RMSE": 40.61973591534363,
    "MAE": 32.69519601507818,
    "R2": 0.340013932768529
  },
  "LightGBM": {
    "RMSE": 40.763851762148235,
    "MAE": 32.54295323618467,
    "R2": 0.3353224605881905
  },
  "baseline": {
    "RMSE": 44.4960520041104,
    "MAE": 36.7203359063508,
    "R2": 0.20803947577136872
  }
}