{
  "CatBoost": {
    "RMSE": 4361.439287325226,
    "MAE": 2411.6496846417463,
    "R2": 0.8774730558231199
  },
  "Baseline_LR": {
    "RMSE": 4570.531787142855,
    "MAE": 2772.7061787989987,
    "R2": 0.8654432753391599
  },
  "XGBoost": {
    "RMSE": 4610.556939711762,
    "MAE": 2494.6968290775167,
    "R2": 0.8630762706396046
  },
  "baseline": {
    "RMSE": 4570.531787142855,
    "MAE": 2772.7061787989987,
    "R2": 0.8654432753391599
  }
}