{
  "CatBoost": {
    "RMSE": 25.496452535529855,
    "MAE": 18.65040544927476,
    "R2": 0.6022853226058261
  },
  "LightGBM": {
    "RMSE": 27.766719880054396,
    "MAE": 20.334078225923275,
    "R2": 0.5283050149121715
  },
  "XGBoost": {
    "RMSE": 28.805304095720434,
    "MAE": 17.35474905231655,
    "R2": 0.4923586039029759
  },
  "baseline": {
    "RMSE": 39.79002984761442,
    "MAE": 30.368511589996825,
    "R2": 0.03136394423547173
  }
}