{
  "Baseline_LR": {
    "RMSE": 0.2359535014459794,
    "MAE": 0.15996445335628426,
    "R2": 0.9994256478125333
  },
  "XGBoost": {
    "RMSE": 0.3900193453621266,
    "MAE": 0.2736218202912058,
    "R2": 0.9984307298113585
  },
  "LightGBM": {
    "RMSE": 0.3904102574935872,
    "MAE": 0.28219928540257955,
    "R2": 0.9984275825101434
  },
  "baseline": {
    "RMSE": 0.2359535014459794,
    "MAE": 0.15996445335628426,
    "R2": 0.9994256478125333
  }
}