{
  "CatBoost": {
    "RMSE": 0.8893142219849581,
    "MAE": 0.5371131834706399,
    "R2": 0.9656670407157202
  },
  "XGBoost": {
    "RMSE": 1.000483960628173,
    "MAE": 0.6082364485205196,
    "R2": 0.956546874050773
  },
  "LightGBM": {
    "RMSE": 1.5491220522108307,
    "MAE": 0.9211096866214133,
    "R2": 0.8958229546755317
  },
  "Baseline_LR": {
    "RMSE": 1.8756578140855524,
    "MAE": 1.221134463759663,
    "R2": 0.8472757558011441
  }
}