{
  "LightGBM": {
    "RMSE": 37.6115131542226,
    "MAE": 23.556418783967665,
    "R2": 0.9553258314973605
  },
  "XGBoost": {
    "RMSE": 37.829200744628906,
    "MAE": 23.186166763305664,
    "R2": 0.9548072218894958
  },
  "CatBoost": {
    "RMSE": 38.80058237240296,
    "MAE": 24.278318528145313,
    "R2": 0.9524564776234457
  },
  "baseline_linear_regression": {
    "RMSE": 117.66558360329391,
    "MAE": 88.74756678063149,
    "R2": 0.56276615460341
  }
}