{
  "dataset": "CamVid",
  "model": "smp.Unet + resnet34",
  "image_size": 320,
  "test_miou": 0.329745888710022,
  "test_mdice": 0.3712601065635681,
  "per_class": {
    "Sky": {
      "iou": 0.8644834756851196,
      "dice": 0.9267334938049316
    },
    "Building": {
      "iou": 0.0,
      "dice": 0.0
    },
    "Pole": {
      "iou": 7.93132494436577e-06,
      "dice": 1.585900281497743e-05
    },
    "Road": {
      "iou": 0.8867766261100769,
      "dice": 0.9389682412147522
    },
    "Pavement": {
      "iou": NaN,
      "dice": NaN
    },
    "Tree": {
      "iou": 0.658961832523346,
      "dice": 0.7752838730812073
    },
    "SignSymbol": {
      "iou": 0.0,
      "dice": 0.0
    },
    "Fence": {
      "iou": 0.22201959788799286,
      "dice": 0.2942442297935486
    },
    "Car": {
      "iou": 0.6647283434867859,
      "dice": 0.7763955593109131
    },
    "Pedestrian": {
      "iou": 1.394087666994892e-05,
      "dice": 2.7870486519532278e-05
    },
    "Bicyclist": {
      "iou": 0.000467186066089198,
      "dice": 0.0009317863150499761
    }
  }
}