{
  "XGBoost": {
    "RMSE": 26726.3203125,
    "MAE": 16375.59765625,
    "R2": 0.9068753719329834
  },
  "CatBoost": {
    "RMSE": 28455.840253855764,
    "MAE": 16407.4096050595,
    "R2": 0.894432802115478
  },
  "LightGBM": {
    "RMSE": 29133.192367672444,
    "MAE": 16924.29050912942,
    "R2": 0.8893472227117887
  },
  "baseline": {
    "RMSE": 34223.40949665601,
    "MAE": 21468.104551119744,
    "R2": 0.8473022234076112
  }
}