{
  "XGBoost": {
    "RMSE": 2.556287968247097,
    "MAE": 1.8543114119885011,
    "R2": 0.9108922532699717
  },
  "LightGBM": {
    "RMSE": 2.6364304596316703,
    "MAE": 1.8985926448629837,
    "R2": 0.9052174145539739
  },
  "CatBoost": {
    "RMSE": 2.945590134040666,
    "MAE": 1.886230633232308,
    "R2": 0.8816847997765359
  },
  "Baseline_LR": {
    "RMSE": 4.918862457429603,
    "MAE": 3.2044082820021176,
    "R2": 0.670067370965785
  }
}