{
  "Baseline_LR": {
    "RMSE": 4.919340017911571,
    "MAE": 1.814774187638664,
    "R2": 0.999808890384445
  },
  "LightGBM": {
    "RMSE": 5.97986173886193,
    "MAE": 3.523591509438403,
    "R2": 0.9997176088113543
  },
  "XGBoost": {
    "RMSE": 6.7269909629566484,
    "MAE": 3.3159376838813386,
    "R2": 0.999642636210717
  },
  "baseline": {
    "RMSE": 4.919340017911571,
    "MAE": 1.814774187638664,
    "R2": 0.999808890384445
  }
}