{
  "XGBoost": {
    "RMSE": 2.6809221638303184,
    "MAE": 1.8699116426355695,
    "R2": 0.901991369614689
  },
  "LightGBM": {
    "RMSE": 2.739166878886515,
    "MAE": 1.9739325939816899,
    "R2": 0.8976865113588142
  },
  "CatBoost": {
    "RMSE": 2.841588579210188,
    "MAE": 1.8014303244829148,
    "R2": 0.889892143763469
  },
  "Baseline_LR": {
    "RMSE": 3.9663328033870093,
    "MAE": 2.4717965371460093,
    "R2": 0.785476826242131
  }
}