{
  "XGBoost": {
    "RMSE": 11.545120239257812,
    "MAE": 7.913213729858398,
    "R2": 0.8419784903526306
  },
  "LightGBM": {
    "RMSE": 12.675268069706224,
    "MAE": 8.892218708854916,
    "R2": 0.8095269300223967
  },
  "CatBoost": {
    "RMSE": 14.761315244710774,
    "MAE": 10.640162792717646,
    "R2": 0.7416732465105561
  },
  "baseline": {
    "RMSE": 20.03906599917493,
    "MAE": 14.778909531295941,
    "R2": 0.523926259734125
  }
}