{
  "XGBoost": {
    "RMSE": 2.6153183063619343,
    "MAE": 1.827545545615402,
    "R2": 0.9067293469827075
  },
  "LightGBM": {
    "RMSE": 2.6166246254148993,
    "MAE": 1.9302509503880692,
    "R2": 0.9066361486443527
  },
  "CatBoost": {
    "RMSE": 3.084428373207035,
    "MAE": 1.8965378094299703,
    "R2": 0.8702685450081626
  },
  "Baseline_LR": {
    "RMSE": 3.7951465988705926,
    "MAE": 2.363902304488744,
    "R2": 0.8035947814743069
  }
}