{
  "CatBoost": {
    "RMSE": 4365.908552535244,
    "MAE": 2344.425435179374,
    "R2": 0.8772218149163401
  },
  "Baseline_LR": {
    "RMSE": 4570.531787142856,
    "MAE": 2772.706178798993,
    "R2": 0.8654432753391599
  },
  "XGBoost": {
    "RMSE": 4610.556939711762,
    "MAE": 2494.6968290775167,
    "R2": 0.8630762706396046
  },
  "baseline": {
    "RMSE": 4570.531787142856,
    "MAE": 2772.706178798993,
    "R2": 0.8654432753391599
  }
}