{
  "CatBoost": {
    "RMSE": 122691.34804892296,
    "MAE": 68674.73080452619,
    "R2": 0.9004266817200927
  },
  "XGBoost": {
    "RMSE": 134495.65771075906,
    "MAE": 67146.06287589637,
    "R2": 0.8803447854302094
  },
  "LightGBM": {
    "RMSE": 143201.94058396603,
    "MAE": 70806.77780440055,
    "R2": 0.8643521513275689
  },
  "baseline": {
    "RMSE": 212539.51663818175,
    "MAE": 127493.34208655736,
    "R2": 0.7011904448878294
  }
}