{
  "Baseline_LR": {
    "RMSE": 51.43552796423067,
    "MAE": 11.192422016184532,
    "R2": 0.8990332987710459
  },
  "XGBoost": {
    "RMSE": 131.20680092919548,
    "MAE": 2.9887534571966032,
    "R2": 0.3430013811493935
  },
  "CatBoost": {
    "RMSE": 134.13600986511688,
    "MAE": 4.09184595743813,
    "R2": 0.31333876588282383
  },
  "baseline": {
    "RMSE": 51.43552796423067,
    "MAE": 11.192422016184532,
    "R2": 0.8990332987710459
  }
}