{
  "LightGBM": {
    "RMSE": 2.0875286108325777,
    "MAE": 0.9081866403115996,
    "R2": 0.867873158523849
  },
  "XGBoost": {
    "RMSE": 2.120877586074857,
    "MAE": 0.8920133842333248,
    "R2": 0.863617896328747
  },
  "CatBoost": {
    "RMSE": 2.459824130459891,
    "MAE": 1.605633170999943,
    "R2": 0.8165429966244364
  },
  "baseline": {
    "RMSE": 5.744142682524101,
    "MAE": 4.980390502353441,
    "R2": -0.0004067617402949697
  }
}