{
  "LightGBM": {
    "RMSE": 0.4432712173788609,
    "MAE": 0.2933773260191352,
    "R2": 0.850054925279659
  },
  "XGBoost": {
    "RMSE": 0.45214995600264907,
    "MAE": 0.29130305669688666,
    "R2": 0.8439879563495983
  },
  "CatBoost": {
    "RMSE": 0.45237136988199556,
    "MAE": 0.29697762979997416,
    "R2": 0.843835123471435
  },
  "baseline": {
    "RMSE": 0.6736167625192635,
    "MAE": 0.4869942603691659,
    "R2": 0.6537267751659765
  }
}